{
  "statusCode": "00",
  "statusMessage": "",
  "data": {
     "userIdInfo": {
        "id": "1",
        "title": "User ID",
        "desc": "Select the username you'd like to use for your Verizon login.",
        "read": "userId"
      },
      "passwordInfo":  {
         "id": "2",
        "title": "Password",
        "desc": "Pick a password to use with your Verizon login.",
         "read": "**********"
      },
      "accountPinInfo": {
         "id": "3",
        "title": "Account PIN",
        "desc": "Set a PIN number to verify your identity when calling customer care. This is different than your voicemail PIN and will become the primary means of verification when you or an Account Manager contacts us.",
        "read": "****"
      },
      "questionInfo":{
         "id": "4",
        "title": "Secret question",
        "desc": "Choose a security question to verify identity when logging in from a new device.",
        "read": "****"
      }
    }
}
